[
{
  "model": "chat.thread",
  "pk": 15,
  "fields": {
    "user_one": 40,
    "user_two": 39,
    "created": "2024-03-07T15:09:51.428Z"
  }
},
{
  "model": "chat.thread",
  "pk": 16,
  "fields": {
    "user_one": 40,
    "user_two": 36,
    "created": "2024-03-09T15:21:45.850Z"
  }
},
{
  "model": "chat.thread",
  "pk": 17,
  "fields": {
    "user_one": 39,
    "user_two": 32,
    "created": "2024-03-10T14:03:39.792Z"
  }
},
{
  "model": "chat.thread",
  "pk": 24,
  "fields": {
    "user_one": 35,
    "user_two": 40,
    "created": "2024-03-10T15:37:31.313Z"
  }
},
{
  "model": "chat.thread",
  "pk": 26,
  "fields": {
    "user_one": 35,
    "user_two": 36,
    "created": "2024-03-10T15:46:26.623Z"
  }
},
{
  "model": "chat.thread",
  "pk": 28,
  "fields": {
    "user_one": 39,
    "user_two": 36,
    "created": "2024-03-13T18:22:27.289Z"
  }
},
{
  "model": "chat.thread",
  "pk": 29,
  "fields": {
    "user_one": 40,
    "user_two": 32,
    "created": "2024-03-19T18:55:33.155Z"
  }
},
{
  "model": "chat.chatmessage",
  "pk": 128,
  "fields": {
    "thread": 15,
    "sender": 40,
    "receiver": 39,
    "message": "kkh",
    "updated": "2024-03-07T15:09:51.461Z",
    "created": "2024-03-07T15:09:51.436Z",
    "seen": true,
    "deleted": false
  }
},
{
  "model": "chat.chatmessage",
  "pk": 129,
  "fields": {
    "thread": 15,
    "sender": 39,
    "receiver": 40,
    "message": "jhhg",
    "updated": "2024-03-07T15:10:22.710Z",
    "created": "2024-03-07T15:10:17.660Z",
    "seen": true,
    "deleted": false
  }
},
{
  "model": "chat.chatmessage",
  "pk": 130,
  "fields": {
    "thread": 15,
    "sender": 39,
    "receiver": 40,
    "message": "hello\n",
    "updated": "2024-03-07T15:18:35.063Z",
    "created": "2024-03-07T15:18:23.450Z",
    "seen": true,
    "deleted": false
  }
},
{
  "model": "chat.chatmessage",
  "pk": 131,
  "fields": {
    "thread": 15,
    "sender": 40,
    "receiver": 39,
    "message": "jjjkk",
    "updated": "2024-03-07T15:18:42.990Z",
    "created": "2024-03-07T15:18:42.955Z",
    "seen": true,
    "deleted": false
  }
},
{
  "model": "chat.chatmessage",
  "pk": 132,
  "fields": {
    "thread": 15,
    "sender": 40,
    "receiver": 39,
    "message": "ojj",
    "updated": "2024-03-07T15:18:56.135Z",
    "created": "2024-03-07T15:18:56.066Z",
    "seen": true,
    "deleted": false
  }
},
{
  "model": "chat.chatmessage",
  "pk": 133,
  "fields": {
    "thread": 16,
    "sender": 40,
    "receiver": 36,
    "message": "Hello onyi",
    "updated": "2024-03-09T15:21:45.861Z",
    "created": "2024-03-09T15:21:45.861Z",
    "seen": false,
    "deleted": false
  }
},
{
  "model": "chat.chatmessage",
  "pk": 134,
  "fields": {
    "thread": 15,
    "sender": 40,
    "receiver": 39,
    "message": "Brodie this is a message \nThis is a new line",
    "updated": "2024-03-09T16:10:12.306Z",
    "created": "2024-03-09T15:45:05.554Z",
    "seen": true,
    "deleted": false
  }
},
{
  "model": "chat.chatmessage",
  "pk": 135,
  "fields": {
    "thread": 15,
    "sender": 40,
    "receiver": 39,
    "message": "😝😝😏",
    "updated": "2024-03-09T16:10:12.301Z",
    "created": "2024-03-09T15:45:29.617Z",
    "seen": true,
    "deleted": false
  }
},
{
  "model": "chat.chatmessage",
  "pk": 136,
  "fields": {
    "thread": 16,
    "sender": 40,
    "receiver": 36,
    "message": "awwn, you are offline",
    "updated": "2024-03-09T16:05:01.008Z",
    "created": "2024-03-09T16:05:01.008Z",
    "seen": false,
    "deleted": false
  }
},
{
  "model": "chat.chatmessage",
  "pk": 137,
  "fields": {
    "thread": 15,
    "sender": 39,
    "receiver": 40,
    "message": "blodclat",
    "updated": "2024-03-09T16:12:28.932Z",
    "created": "2024-03-09T16:10:38.485Z",
    "seen": true,
    "deleted": false
  }
},
{
  "model": "chat.chatmessage",
  "pk": 138,
  "fields": {
    "thread": 15,
    "sender": 39,
    "receiver": 40,
    "message": "blodclat\nthis is a new line",
    "updated": "2024-03-09T16:12:28.960Z",
    "created": "2024-03-09T16:10:50.105Z",
    "seen": true,
    "deleted": false
  }
},
{
  "model": "chat.chatmessage",
  "pk": 139,
  "fields": {
    "thread": 15,
    "sender": 39,
    "receiver": 40,
    "message": "blod\nchip\norder",
    "updated": "2024-03-09T16:12:28.936Z",
    "created": "2024-03-09T16:11:03.998Z",
    "seen": true,
    "deleted": false
  }
},
{
  "model": "chat.chatmessage",
  "pk": 140,
  "fields": {
    "thread": 15,
    "sender": 40,
    "receiver": 39,
    "message": "Yes \n\nnow the new line stuff is working \n\nI can now add new lines for you",
    "updated": "2024-03-09T16:20:06.910Z",
    "created": "2024-03-09T16:20:06.557Z",
    "seen": true,
    "deleted": false
  }
},
{
  "model": "chat.chatmessage",
  "pk": 141,
  "fields": {
    "thread": 15,
    "sender": 40,
    "receiver": 39,
    "message": "Testing if it is working from the senders<br><br><br>new",
    "updated": "2024-03-09T16:21:57.140Z",
    "created": "2024-03-09T16:21:56.797Z",
    "seen": true,
    "deleted": false
  }
},
{
  "model": "chat.chatmessage",
  "pk": 142,
  "fields": {
    "thread": 15,
    "sender": 40,
    "receiver": 39,
    "message": "send a message with <br><br>new line",
    "updated": "2024-03-09T16:31:14.589Z",
    "created": "2024-03-09T16:31:14.247Z",
    "seen": true,
    "deleted": false
  }
},
{
  "model": "chat.chatmessage",
  "pk": 143,
  "fields": {
    "thread": 15,
    "sender": 39,
    "receiver": 40,
    "message": "recieve",
    "updated": "2024-03-09T16:33:30.910Z",
    "created": "2024-03-09T16:31:36.555Z",
    "seen": true,
    "deleted": false
  }
},
{
  "model": "chat.chatmessage",
  "pk": 144,
  "fields": {
    "thread": 15,
    "sender": 39,
    "receiver": 40,
    "message": "receive<br><br>new line",
    "updated": "2024-03-09T16:33:30.914Z",
    "created": "2024-03-09T16:31:48.277Z",
    "seen": true,
    "deleted": false
  }
},
{
  "model": "chat.chatmessage",
  "pk": 145,
  "fields": {
    "thread": 15,
    "sender": 40,
    "receiver": 39,
    "message": "Recieve <br><br><br>nwg",
    "updated": "2024-03-09T16:34:36.201Z",
    "created": "2024-03-09T16:34:35.850Z",
    "seen": true,
    "deleted": false
  }
},
{
  "model": "chat.chatmessage",
  "pk": 146,
  "fields": {
    "thread": 15,
    "sender": 40,
    "receiver": 39,
    "message": "Hello<br><br>hg",
    "updated": "2024-03-09T16:36:26.030Z",
    "created": "2024-03-09T16:36:25.698Z",
    "seen": true,
    "deleted": false
  }
},
{
  "model": "chat.chatmessage",
  "pk": 147,
  "fields": {
    "thread": 15,
    "sender": 40,
    "receiver": 39,
    "message": "",
    "updated": "2024-03-20T10:28:32.031Z",
    "created": "2024-03-09T16:37:56.428Z",
    "seen": true,
    "deleted": true
  }
},
{
  "model": "chat.chatmessage",
  "pk": 148,
  "fields": {
    "thread": 16,
    "sender": 40,
    "receiver": 36,
    "message": "",
    "updated": "2024-03-20T10:33:08.709Z",
    "created": "2024-03-09T16:43:51.879Z",
    "seen": false,
    "deleted": true
  }
},
{
  "model": "chat.chatmessage",
  "pk": 149,
  "fields": {
    "thread": 15,
    "sender": 39,
    "receiver": 40,
    "message": "bro",
    "updated": "2024-03-09T20:43:34.366Z",
    "created": "2024-03-09T20:38:32.449Z",
    "seen": true,
    "deleted": false
  }
},
{
  "model": "chat.chatmessage",
  "pk": 150,
  "fields": {
    "thread": 15,
    "sender": 39,
    "receiver": 40,
    "message": "bodie",
    "updated": "2024-03-09T20:58:17.547Z",
    "created": "2024-03-09T20:51:01.292Z",
    "seen": true,
    "deleted": false
  }
},
{
  "model": "chat.chatmessage",
  "pk": 151,
  "fields": {
    "thread": 15,
    "sender": 39,
    "receiver": 40,
    "message": "Hello udochukwu",
    "updated": "2024-03-09T21:19:39.631Z",
    "created": "2024-03-09T21:06:55.532Z",
    "seen": true,
    "deleted": false
  }
},
{
  "model": "chat.chatmessage",
  "pk": 152,
  "fields": {
    "thread": 15,
    "sender": 40,
    "receiver": 39,
    "message": "Hello",
    "updated": "2024-03-10T13:23:27.084Z",
    "created": "2024-03-10T12:52:49.920Z",
    "seen": true,
    "deleted": false
  }
},
{
  "model": "chat.chatmessage",
  "pk": 153,
  "fields": {
    "thread": 15,
    "sender": 39,
    "receiver": 40,
    "message": "Hi",
    "updated": "2024-03-10T13:23:55.201Z",
    "created": "2024-03-10T13:23:55.172Z",
    "seen": true,
    "deleted": false
  }
},
{
  "model": "chat.chatmessage",
  "pk": 154,
  "fields": {
    "thread": 15,
    "sender": 40,
    "receiver": 39,
    "message": "Hello",
    "updated": "2024-03-10T13:24:16.791Z",
    "created": "2024-03-10T13:24:16.765Z",
    "seen": true,
    "deleted": false
  }
},
{
  "model": "chat.chatmessage",
  "pk": 155,
  "fields": {
    "thread": 15,
    "sender": 39,
    "receiver": 40,
    "message": "brodie",
    "updated": "2024-03-10T13:24:49.391Z",
    "created": "2024-03-10T13:24:49.361Z",
    "seen": true,
    "deleted": false
  }
},
{
  "model": "chat.chatmessage",
  "pk": 156,
  "fields": {
    "thread": 15,
    "sender": 39,
    "receiver": 40,
    "message": "gha",
    "updated": "2024-03-10T13:25:06.401Z",
    "created": "2024-03-10T13:25:02.831Z",
    "seen": true,
    "deleted": false
  }
},
{
  "model": "chat.chatmessage",
  "pk": 157,
  "fields": {
    "thread": 17,
    "sender": 39,
    "receiver": 32,
    "message": "Hello codebee",
    "updated": "2024-03-18T11:53:53.468Z",
    "created": "2024-03-10T14:03:39.801Z",
    "seen": true,
    "deleted": false
  }
},
{
  "model": "chat.chatmessage",
  "pk": 158,
  "fields": {
    "thread": 17,
    "sender": 39,
    "receiver": 32,
    "message": "Its udo \n\nI am myself and i am chatting myself 😅😅",
    "updated": "2024-03-18T11:53:53.471Z",
    "created": "2024-03-10T14:04:09.148Z",
    "seen": true,
    "deleted": false
  }
},
{
  "model": "chat.chatmessage",
  "pk": 167,
  "fields": {
    "thread": 24,
    "sender": 35,
    "receiver": 40,
    "message": "Bro",
    "updated": "2024-03-10T15:37:47.443Z",
    "created": "2024-03-10T15:37:31.323Z",
    "seen": true,
    "deleted": false
  }
},
{
  "model": "chat.chatmessage",
  "pk": 168,
  "fields": {
    "thread": 24,
    "sender": 35,
    "receiver": 40,
    "message": "Whatsup",
    "updated": "2024-03-10T15:37:47.476Z",
    "created": "2024-03-10T15:37:36.514Z",
    "seen": true,
    "deleted": false
  }
},
{
  "model": "chat.chatmessage",
  "pk": 169,
  "fields": {
    "thread": 24,
    "sender": 35,
    "receiver": 40,
    "message": "How are you doing ",
    "updated": "2024-03-10T15:37:47.490Z",
    "created": "2024-03-10T15:37:42.785Z",
    "seen": true,
    "deleted": false
  }
},
{
  "model": "chat.chatmessage",
  "pk": 170,
  "fields": {
    "thread": 24,
    "sender": 40,
    "receiver": 35,
    "message": "im good \n\nhow are you",
    "updated": "2024-03-10T15:37:57.710Z",
    "created": "2024-03-10T15:37:57.682Z",
    "seen": true,
    "deleted": false
  }
},
{
  "model": "chat.chatmessage",
  "pk": 171,
  "fields": {
    "thread": 24,
    "sender": 35,
    "receiver": 40,
    "message": "Spendid mahn ",
    "updated": "2024-03-10T15:38:07.131Z",
    "created": "2024-03-10T15:38:07.110Z",
    "seen": true,
    "deleted": false
  }
},
{
  "model": "chat.chatmessage",
  "pk": 173,
  "fields": {
    "thread": 26,
    "sender": 35,
    "receiver": 36,
    "message": "Yooo",
    "updated": "2024-03-10T15:46:26.633Z",
    "created": "2024-03-10T15:46:26.633Z",
    "seen": false,
    "deleted": false
  }
},
{
  "model": "chat.chatmessage",
  "pk": 174,
  "fields": {
    "thread": 15,
    "sender": 39,
    "receiver": 40,
    "message": "Yooo 😝",
    "updated": "2024-03-11T03:28:58.433Z",
    "created": "2024-03-10T18:05:10.927Z",
    "seen": true,
    "deleted": false
  }
},
{
  "model": "chat.chatmessage",
  "pk": 175,
  "fields": {
    "thread": 15,
    "sender": 39,
    "receiver": 40,
    "message": "raua",
    "updated": "2024-03-12T11:32:20.687Z",
    "created": "2024-03-12T11:32:20.678Z",
    "seen": true,
    "deleted": false
  }
},
{
  "model": "chat.chatmessage",
  "pk": 176,
  "fields": {
    "thread": 15,
    "sender": 39,
    "receiver": 40,
    "message": "vjkx",
    "updated": "2024-03-12T11:36:10.610Z",
    "created": "2024-03-12T11:35:14.473Z",
    "seen": true,
    "deleted": false
  }
},
{
  "model": "chat.chatmessage",
  "pk": 177,
  "fields": {
    "thread": 15,
    "sender": 40,
    "receiver": 39,
    "message": "hello\nzuko here\n",
    "updated": "2024-03-12T11:43:30.006Z",
    "created": "2024-03-12T11:43:29.670Z",
    "seen": true,
    "deleted": false
  }
},
{
  "model": "chat.chatmessage",
  "pk": 178,
  "fields": {
    "thread": 15,
    "sender": 40,
    "receiver": 39,
    "message": "",
    "updated": "2024-03-12T11:43:34.327Z",
    "created": "2024-03-12T11:43:34.314Z",
    "seen": true,
    "deleted": false
  }
},
{
  "model": "chat.chatmessage",
  "pk": 179,
  "fields": {
    "thread": 15,
    "sender": 40,
    "receiver": 39,
    "message": "",
    "updated": "2024-03-12T11:43:35.404Z",
    "created": "2024-03-12T11:43:35.394Z",
    "seen": true,
    "deleted": false
  }
},
{
  "model": "chat.chatmessage",
  "pk": 180,
  "fields": {
    "thread": 15,
    "sender": 40,
    "receiver": 39,
    "message": "ffffg",
    "updated": "2024-03-12T11:43:52.473Z",
    "created": "2024-03-12T11:43:52.462Z",
    "seen": true,
    "deleted": false
  }
},
{
  "model": "chat.chatmessage",
  "pk": 181,
  "fields": {
    "thread": 15,
    "sender": 40,
    "receiver": 39,
    "message": "czzd",
    "updated": "2024-03-12T11:44:06.030Z",
    "created": "2024-03-12T11:44:06.019Z",
    "seen": true,
    "deleted": false
  }
},
{
  "model": "chat.chatmessage",
  "pk": 182,
  "fields": {
    "thread": 15,
    "sender": 40,
    "receiver": 39,
    "message": "",
    "updated": "2024-03-12T11:44:25.385Z",
    "created": "2024-03-12T11:44:25.362Z",
    "seen": true,
    "deleted": false
  }
},
{
  "model": "chat.chatmessage",
  "pk": 183,
  "fields": {
    "thread": 15,
    "sender": 40,
    "receiver": 39,
    "message": "",
    "updated": "2024-03-12T11:44:28.527Z",
    "created": "2024-03-12T11:44:28.510Z",
    "seen": true,
    "deleted": false
  }
},
{
  "model": "chat.chatmessage",
  "pk": 184,
  "fields": {
    "thread": 15,
    "sender": 40,
    "receiver": 39,
    "message": "",
    "updated": "2024-03-12T11:44:29.000Z",
    "created": "2024-03-12T11:44:28.981Z",
    "seen": true,
    "deleted": false
  }
},
{
  "model": "chat.chatmessage",
  "pk": 185,
  "fields": {
    "thread": 15,
    "sender": 40,
    "receiver": 39,
    "message": "",
    "updated": "2024-03-12T11:44:29.258Z",
    "created": "2024-03-12T11:44:29.245Z",
    "seen": true,
    "deleted": false
  }
},
{
  "model": "chat.chatmessage",
  "pk": 186,
  "fields": {
    "thread": 15,
    "sender": 40,
    "receiver": 39,
    "message": "",
    "updated": "2024-03-12T11:44:29.411Z",
    "created": "2024-03-12T11:44:29.398Z",
    "seen": true,
    "deleted": false
  }
},
{
  "model": "chat.chatmessage",
  "pk": 187,
  "fields": {
    "thread": 15,
    "sender": 40,
    "receiver": 39,
    "message": "",
    "updated": "2024-03-12T11:44:29.540Z",
    "created": "2024-03-12T11:44:29.518Z",
    "seen": true,
    "deleted": false
  }
},
{
  "model": "chat.chatmessage",
  "pk": 188,
  "fields": {
    "thread": 15,
    "sender": 40,
    "receiver": 39,
    "message": "",
    "updated": "2024-03-12T11:44:29.757Z",
    "created": "2024-03-12T11:44:29.745Z",
    "seen": true,
    "deleted": false
  }
},
{
  "model": "chat.chatmessage",
  "pk": 189,
  "fields": {
    "thread": 15,
    "sender": 40,
    "receiver": 39,
    "message": "",
    "updated": "2024-03-12T11:45:46.012Z",
    "created": "2024-03-12T11:45:45.693Z",
    "seen": true,
    "deleted": false
  }
},
{
  "model": "chat.chatmessage",
  "pk": 190,
  "fields": {
    "thread": 15,
    "sender": 40,
    "receiver": 39,
    "message": "",
    "updated": "2024-03-12T11:45:46.455Z",
    "created": "2024-03-12T11:45:46.442Z",
    "seen": true,
    "deleted": false
  }
},
{
  "model": "chat.chatmessage",
  "pk": 191,
  "fields": {
    "thread": 15,
    "sender": 40,
    "receiver": 39,
    "message": "",
    "updated": "2024-03-19T19:40:56.200Z",
    "created": "2024-03-12T11:51:35.438Z",
    "seen": true,
    "deleted": true
  }
},
{
  "model": "chat.chatmessage",
  "pk": 192,
  "fields": {
    "thread": 24,
    "sender": 40,
    "receiver": 35,
    "message": "nznz this is the new message",
    "updated": "2024-03-20T10:34:57.941Z",
    "created": "2024-03-12T11:53:40.329Z",
    "seen": false,
    "deleted": false
  }
},
{
  "model": "chat.chatmessage",
  "pk": 193,
  "fields": {
    "thread": 17,
    "sender": 39,
    "receiver": 32,
    "message": "bmm",
    "updated": "2024-03-18T11:53:53.509Z",
    "created": "2024-03-12T14:04:32.005Z",
    "seen": true,
    "deleted": false
  }
},
{
  "model": "chat.chatmessage",
  "pk": 201,
  "fields": {
    "thread": 24,
    "sender": 40,
    "receiver": 35,
    "message": "",
    "updated": "2024-03-20T10:33:50.703Z",
    "created": "2024-03-13T13:10:57.617Z",
    "seen": false,
    "deleted": true
  }
},
{
  "model": "chat.chatmessage",
  "pk": 202,
  "fields": {
    "thread": 24,
    "sender": 40,
    "receiver": 35,
    "message": "",
    "updated": "2024-03-19T18:22:41.084Z",
    "created": "2024-03-13T13:11:33.324Z",
    "seen": false,
    "deleted": true
  }
},
{
  "model": "chat.chatmessage",
  "pk": 203,
  "fields": {
    "thread": 28,
    "sender": 39,
    "receiver": 36,
    "message": "Hei",
    "updated": "2024-03-13T18:22:27.309Z",
    "created": "2024-03-13T18:22:27.309Z",
    "seen": false,
    "deleted": false
  }
},
{
  "model": "chat.chatmessage",
  "pk": 204,
  "fields": {
    "thread": 28,
    "sender": 39,
    "receiver": 36,
    "message": "whatsup",
    "updated": "2024-03-14T01:27:08.315Z",
    "created": "2024-03-14T01:27:08.315Z",
    "seen": false,
    "deleted": false
  }
},
{
  "model": "chat.chatmessage",
  "pk": 205,
  "fields": {
    "thread": 15,
    "sender": 40,
    "receiver": 39,
    "message": "",
    "updated": "2024-03-19T18:54:13.620Z",
    "created": "2024-03-16T12:13:49.682Z",
    "seen": true,
    "deleted": true
  }
},
{
  "model": "chat.chatmessage",
  "pk": 206,
  "fields": {
    "thread": 15,
    "sender": 39,
    "receiver": 40,
    "message": "brodie",
    "updated": "2024-03-16T13:48:44.838Z",
    "created": "2024-03-16T13:48:35.167Z",
    "seen": true,
    "deleted": false
  }
},
{
  "model": "chat.chatmessage",
  "pk": 207,
  "fields": {
    "thread": 15,
    "sender": 39,
    "receiver": 40,
    "message": "aha",
    "updated": "2024-03-16T13:50:36.040Z",
    "created": "2024-03-16T13:50:11.319Z",
    "seen": true,
    "deleted": false
  }
},
{
  "model": "chat.chatmessage",
  "pk": 208,
  "fields": {
    "thread": 15,
    "sender": 39,
    "receiver": 40,
    "message": "hah",
    "updated": "2024-03-16T13:50:36.038Z",
    "created": "2024-03-16T13:50:25.600Z",
    "seen": true,
    "deleted": false
  }
},
{
  "model": "chat.chatmessage",
  "pk": 209,
  "fields": {
    "thread": 15,
    "sender": 40,
    "receiver": 39,
    "message": "",
    "updated": "2024-03-19T18:21:57.371Z",
    "created": "2024-03-18T11:36:53.332Z",
    "seen": false,
    "deleted": true
  }
},
{
  "model": "chat.chatmessage",
  "pk": 210,
  "fields": {
    "thread": 29,
    "sender": 40,
    "receiver": 32,
    "message": "",
    "updated": "2024-03-19T18:56:22.522Z",
    "created": "2024-03-19T18:55:33.163Z",
    "seen": true,
    "deleted": true
  }
},
{
  "model": "chat.chatmessage",
  "pk": 211,
  "fields": {
    "thread": 29,
    "sender": 32,
    "receiver": 40,
    "message": "Why did you delete your message",
    "updated": "2024-03-19T18:58:31.961Z",
    "created": "2024-03-19T18:58:27.422Z",
    "seen": true,
    "deleted": false
  }
},
{
  "model": "chat.chatmessage",
  "pk": 212,
  "fields": {
    "thread": 29,
    "sender": 40,
    "receiver": 32,
    "message": "",
    "updated": "2024-03-19T19:32:44.724Z",
    "created": "2024-03-19T18:58:40.330Z",
    "seen": true,
    "deleted": true
  }
},
{
  "model": "chat.chatmessage",
  "pk": 213,
  "fields": {
    "thread": 29,
    "sender": 40,
    "receiver": 32,
    "message": "",
    "updated": "2024-03-19T19:21:50.403Z",
    "created": "2024-03-19T19:10:41.596Z",
    "seen": true,
    "deleted": true
  }
},
{
  "model": "chat.chatmessage",
  "pk": 214,
  "fields": {
    "thread": 15,
    "sender": 40,
    "receiver": 39,
    "message": "",
    "updated": "2024-03-19T19:35:27.622Z",
    "created": "2024-03-19T19:35:23.614Z",
    "seen": false,
    "deleted": true
  }
},
{
  "model": "chat.chatmessage",
  "pk": 215,
  "fields": {
    "thread": 15,
    "sender": 40,
    "receiver": 39,
    "message": "",
    "updated": "2024-03-20T02:56:52.303Z",
    "created": "2024-03-20T02:56:42.287Z",
    "seen": false,
    "deleted": true
  }
},
{
  "model": "chat.chatmessage",
  "pk": 216,
  "fields": {
    "thread": 15,
    "sender": 40,
    "receiver": 39,
    "message": "sugar",
    "updated": "2024-03-20T03:01:45.454Z",
    "created": "2024-03-20T03:01:45.454Z",
    "seen": false,
    "deleted": false
  }
},
{
  "model": "chat.chatmessage",
  "pk": 217,
  "fields": {
    "thread": 15,
    "sender": 40,
    "receiver": 39,
    "message": "ajaja",
    "updated": "2024-03-20T03:08:19.180Z",
    "created": "2024-03-20T03:08:19.180Z",
    "seen": false,
    "deleted": false
  }
},
{
  "model": "chat.chatmessage",
  "pk": 218,
  "fields": {
    "thread": 15,
    "sender": 40,
    "receiver": 39,
    "message": "aaha",
    "updated": "2024-03-20T03:29:24.060Z",
    "created": "2024-03-20T03:29:24.060Z",
    "seen": false,
    "deleted": false
  }
},
{
  "model": "chat.chatmessage",
  "pk": 219,
  "fields": {
    "thread": 15,
    "sender": 40,
    "receiver": 39,
    "message": "",
    "updated": "2024-03-20T10:29:12.324Z",
    "created": "2024-03-20T03:29:50.586Z",
    "seen": false,
    "deleted": true
  }
},
{
  "model": "chat.chatmessage",
  "pk": 220,
  "fields": {
    "thread": 15,
    "sender": 40,
    "receiver": 39,
    "message": "",
    "updated": "2024-03-20T03:33:26.893Z",
    "created": "2024-03-20T03:33:22.950Z",
    "seen": false,
    "deleted": true
  }
},
{
  "model": "chat.chatmessage",
  "pk": 221,
  "fields": {
    "thread": 15,
    "sender": 40,
    "receiver": 39,
    "message": "",
    "updated": "2024-03-20T06:21:10.755Z",
    "created": "2024-03-20T06:21:02.924Z",
    "seen": false,
    "deleted": true
  }
},
{
  "model": "chat.chatmessage",
  "pk": 222,
  "fields": {
    "thread": 15,
    "sender": 40,
    "receiver": 39,
    "message": "",
    "updated": "2024-03-20T10:28:13.508Z",
    "created": "2024-03-20T10:26:51.527Z",
    "seen": false,
    "deleted": true
  }
},
{
  "model": "chat.chatmessage",
  "pk": 223,
  "fields": {
    "thread": 15,
    "sender": 40,
    "receiver": 39,
    "message": "",
    "updated": "2024-03-20T10:29:21.648Z",
    "created": "2024-03-20T10:28:43.815Z",
    "seen": false,
    "deleted": true
  }
},
{
  "model": "chat.chatmessage",
  "pk": 224,
  "fields": {
    "thread": 15,
    "sender": 40,
    "receiver": 39,
    "message": "",
    "updated": "2024-03-20T10:30:17.848Z",
    "created": "2024-03-20T10:30:06.436Z",
    "seen": false,
    "deleted": true
  }
},
{
  "model": "chat.chatmessage",
  "pk": 225,
  "fields": {
    "thread": 15,
    "sender": 40,
    "receiver": 39,
    "message": "",
    "updated": "2024-03-20T10:30:23.565Z",
    "created": "2024-03-20T10:30:14.629Z",
    "seen": false,
    "deleted": true
  }
},
{
  "model": "chat.chatmessage",
  "pk": 226,
  "fields": {
    "thread": 29,
    "sender": 40,
    "receiver": 32,
    "message": "This is a new message",
    "updated": "2024-03-20T10:36:40.143Z",
    "created": "2024-03-20T10:36:40.143Z",
    "seen": false,
    "deleted": false
  }
},
{
  "model": "chat.chatmessage",
  "pk": 227,
  "fields": {
    "thread": 24,
    "sender": 40,
    "receiver": 35,
    "message": "Hello bro",
    "updated": "2024-03-20T10:36:49.931Z",
    "created": "2024-03-20T10:36:49.931Z",
    "seen": false,
    "deleted": false
  }
},
{
  "model": "chat.chatmessage",
  "pk": 228,
  "fields": {
    "thread": 15,
    "sender": 40,
    "receiver": 39,
    "message": "sugar bro is the",
    "updated": "2024-03-20T10:37:07.019Z",
    "created": "2024-03-20T10:37:07.019Z",
    "seen": false,
    "deleted": false
  }
},
{
  "model": "chat.chatmessage",
  "pk": 229,
  "fields": {
    "thread": 24,
    "sender": 40,
    "receiver": 35,
    "message": "hover the king",
    "updated": "2024-03-20T10:37:17.493Z",
    "created": "2024-03-20T10:37:17.493Z",
    "seen": false,
    "deleted": false
  }
},
{
  "model": "chat.chatmessage",
  "pk": 230,
  "fields": {
    "thread": 16,
    "sender": 40,
    "receiver": 36,
    "message": "suglhlhl",
    "updated": "2024-03-20T10:37:36.156Z",
    "created": "2024-03-20T10:37:36.156Z",
    "seen": false,
    "deleted": false
  }
},
{
  "model": "chat.chatmessage",
  "pk": 231,
  "fields": {
    "thread": 16,
    "sender": 40,
    "receiver": 36,
    "message": "the snow glows white on the mountain night not a footprint to be seen\nthe kingdom of isolation and it feels like am the queen\n",
    "updated": "2024-03-20T10:40:12.401Z",
    "created": "2024-03-20T10:40:12.401Z",
    "seen": false,
    "deleted": false
  }
},
{
  "model": "chat.chatmessage",
  "pk": 232,
  "fields": {
    "thread": 16,
    "sender": 40,
    "receiver": 36,
    "message": "something else",
    "updated": "2024-03-21T01:35:18.840Z",
    "created": "2024-03-20T10:40:48.808Z",
    "seen": false,
    "deleted": false
  }
},
{
  "model": "chat.chatmessage",
  "pk": 233,
  "fields": {
    "thread": 16,
    "sender": 40,
    "receiver": 36,
    "message": "the wind is howling like this twirling storm inside\ncouldn't keep it in heaven knows i tried",
    "updated": "2024-03-20T10:47:26.579Z",
    "created": "2024-03-20T10:47:26.579Z",
    "seen": false,
    "deleted": false
  }
},
{
  "model": "accounts.department",
  "pk": 1,
  "fields": {
    "dept_name": "ICT division"
  }
},
{
  "model": "accounts.department",
  "pk": 2,
  "fields": {
    "dept_name": "Authorization and enforcement"
  }
},
{
  "model": "accounts.department",
  "pk": 3,
  "fields": {
    "dept_name": "Finance"
  }
},
{
  "model": "accounts.department",
  "pk": 4,
  "fields": {
    "dept_name": "Admin"
  }
},
{
  "model": "accounts.office",
  "pk": 1,
  "fields": {
    "department": null,
    "office_name": "Reception"
  }
},
{
  "model": "accounts.office",
  "pk": 2,
  "fields": {
    "department": 1,
    "office_name": "Library"
  }
},
{
  "model": "accounts.office",
  "pk": 3,
  "fields": {
    "department": 1,
    "office_name": "RAIS Room"
  }
},
{
  "model": "accounts.office",
  "pk": 4,
  "fields": {
    "department": 1,
    "office_name": "Server room"
  }
},
{
  "model": "accounts.office",
  "pk": 5,
  "fields": {
    "department": null,
    "office_name": "DG Office extension"
  }
},
{
  "model": "accounts.office",
  "pk": 6,
  "fields": {
    "department": 2,
    "office_name": "Quality management & Technical services"
  }
},
{
  "model": "accounts.office",
  "pk": 7,
  "fields": {
    "department": 2,
    "office_name": "Regulatory Requirements"
  }
},
{
  "model": "accounts.office",
  "pk": 8,
  "fields": {
    "department": 2,
    "office_name": "Regulatory compliance"
  }
},
{
  "model": "accounts.office",
  "pk": 9,
  "fields": {
    "department": 2,
    "office_name": "Enforcement"
  }
},
{
  "model": "accounts.office",
  "pk": 10,
  "fields": {
    "department": 2,
    "office_name": "Licensing"
  }
},
{
  "model": "accounts.office",
  "pk": 11,
  "fields": {
    "department": 3,
    "office_name": "Cash office"
  }
},
{
  "model": "accounts.office",
  "pk": 12,
  "fields": {
    "department": 3,
    "office_name": "Accounts"
  }
},
{
  "model": "accounts.office",
  "pk": 13,
  "fields": {
    "department": 4,
    "office_name": "Human resources/quality control"
  }
},
{
  "model": "accounts.office",
  "pk": 14,
  "fields": {
    "department": 4,
    "office_name": "Registry"
  }
},
{
  "model": "accounts.office",
  "pk": 15,
  "fields": {
    "department": 4,
    "office_name": "Welfare office"
  }
},
{
  "model": "accounts.office",
  "pk": 16,
  "fields": {
    "department": 4,
    "office_name": "Transport"
  }
},
{
  "model": "accounts.office",
  "pk": 17,
  "fields": {
    "department": 4,
    "office_name": "Drivers"
  }
},
{
  "model": "accounts.office",
  "pk": 18,
  "fields": {
    "department": null,
    "office_name": "Research reactor & Power reactor"
  }
},
{
  "model": "accounts.office",
  "pk": 19,
  "fields": {
    "department": null,
    "office_name": "Emergency unit"
  }
},
{
  "model": "accounts.office",
  "pk": 20,
  "fields": {
    "department": null,
    "office_name": "Safeguard"
  }
},
{
  "model": "accounts.office",
  "pk": 21,
  "fields": {
    "department": null,
    "office_name": "Nuclear security"
  }
},
{
  "model": "accounts.office",
  "pk": 22,
  "fields": {
    "department": null,
    "office_name": "DSS Office"
  }
},
{
  "model": "accounts.office",
  "pk": 23,
  "fields": {
    "department": null,
    "office_name": "Legal"
  }
},
{
  "model": "accounts.office",
  "pk": 24,
  "fields": {
    "department": null,
    "office_name": "Audit"
  }
},
{
  "model": "accounts.office",
  "pk": 25,
  "fields": {
    "department": null,
    "office_name": "Procurement"
  }
},
{
  "model": "accounts.office",
  "pk": 26,
  "fields": {
    "department": null,
    "office_name": "Store division"
  }
},
{
  "model": "accounts.office",
  "pk": 27,
  "fields": {
    "department": null,
    "office_name": "Radiological safety"
  }
},
{
  "model": "accounts.office",
  "pk": 28,
  "fields": {
    "department": null,
    "office_name": "Zonal desk office"
  }
},
{
  "model": "accounts.office",
  "pk": 29,
  "fields": {
    "department": null,
    "office_name": "Medical"
  }
},
{
  "model": "accounts.office",
  "pk": 30,
  "fields": {
    "department": null,
    "office_name": "Industrial application"
  }
},
{
  "model": "accounts.office",
  "pk": 31,
  "fields": {
    "department": null,
    "office_name": "Radiological waste"
  }
},
{
  "model": "accounts.office",
  "pk": 32,
  "fields": {
    "department": null,
    "office_name": "Monitoring & dosimetry services/public exposure"
  }
},
{
  "model": "accounts.office",
  "pk": 33,
  "fields": {
    "department": null,
    "office_name": "Nuclear security centre"
  }
},
{
  "model": "accounts.office",
  "pk": 34,
  "fields": {
    "department": null,
    "office_name": "Protocol & Information"
  }
},
{
  "model": "accounts.office",
  "pk": 35,
  "fields": {
    "department": null,
    "office_name": "Budget"
  }
},
{
  "model": "accounts.office",
  "pk": 36,
  "fields": {
    "department": null,
    "office_name": "Archive"
  }
},
{
  "model": "accounts.office",
  "pk": 37,
  "fields": {
    "department": null,
    "office_name": "Maintenance (Works and services)"
  }
},
{
  "model": "accounts.office",
  "pk": 38,
  "fields": {
    "department": null,
    "office_name": "Project management office ppp"
  }
},
{
  "model": "accounts.profile",
  "pk": 17,
  "fields": {
    "user": 32,
    "office": 4,
    "profileImg": "users/2024/38/07/th.jpg",
    "phone": "09128168542",
    "is_online": true,
    "joined": "2024-02-25T12:17:19.287Z",
    "updated": "2024-03-20T10:10:54.349Z",
    "is_email_verified": true,
    "about": "This is an about that iis goin",
    "fullname": "Code bee"
  }
},
{
  "model": "accounts.profile",
  "pk": 19,
  "fields": {
    "user": 34,
    "office": 13,
    "profileImg": "users/2024/54/07/OIP_6.jpg",
    "phone": null,
    "is_online": false,
    "joined": "2024-02-26T09:38:10.888Z",
    "updated": "2024-03-07T14:54:53.183Z",
    "is_email_verified": true,
    "about": "",
    "fullname": "bee Happy"
  }
},
{
  "model": "accounts.profile",
  "pk": 20,
  "fields": {
    "user": 35,
    "office": 9,
    "profileImg": "users/2024/00/07/christopher-campbell-rDEOVtE7vOs-unsplash.jpg",
    "phone": null,
    "is_online": false,
    "joined": "2024-02-27T18:24:11.565Z",
    "updated": "2024-03-10T15:52:20.511Z",
    "is_email_verified": true,
    "about": "just a random girl in a random world, heat wan kill me for Nigeria",
    "fullname": "Mary Ann"
  }
},
{
  "model": "accounts.profile",
  "pk": 21,
  "fields": {
    "user": 36,
    "office": 7,
    "profileImg": "users/2024/37/07/OIP.jpg",
    "phone": null,
    "is_online": false,
    "joined": "2024-02-29T05:03:50.087Z",
    "updated": "2024-03-07T11:37:52.363Z",
    "is_email_verified": true,
    "about": "",
    "fullname": "Onuh Onyinye"
  }
},
{
  "model": "accounts.profile",
  "pk": 22,
  "fields": {
    "user": 37,
    "office": 9,
    "profileImg": "users/2024/35/07/OIP_7.jpg",
    "phone": null,
    "is_online": false,
    "joined": "2024-02-29T11:42:15.381Z",
    "updated": "2024-03-07T11:35:10.148Z",
    "is_email_verified": true,
    "about": "",
    "fullname": "Jasmine Becky"
  }
},
{
  "model": "accounts.profile",
  "pk": 23,
  "fields": {
    "user": 38,
    "office": 32,
    "profileImg": "users/2024/55/07/images.jpg",
    "phone": null,
    "is_online": false,
    "joined": "2024-03-01T05:39:00.300Z",
    "updated": "2024-03-07T14:55:20.216Z",
    "is_email_verified": true,
    "about": "",
    "fullname": "James Splinter"
  }
},
{
  "model": "accounts.profile",
  "pk": 24,
  "fields": {
    "user": 39,
    "office": 32,
    "profileImg": "def-user-img.png",
    "phone": null,
    "is_online": false,
    "joined": "2024-03-01T08:48:37.403Z",
    "updated": "2024-03-16T14:00:04.722Z",
    "is_email_verified": true,
    "about": "",
    "fullname": "Devo Lee"
  }
},
{
  "model": "accounts.profile",
  "pk": 25,
  "fields": {
    "user": 40,
    "office": 22,
    "profileImg": "users/2024/27/08/1693636737509.jpg",
    "phone": "09128168542",
    "is_online": true,
    "joined": "2024-03-07T09:21:05.666Z",
    "updated": "2024-03-21T11:14:17.534Z",
    "is_email_verified": true,
    "about": "My name is udohukwu, I enjoy coding, skating and drawing I am assigned to the dss office so if you try anything i go just burst you down sharps.",
    "fullname": "Drake Jimmy"
  }
},
{
  "model": "accounts.otpcode",
  "pk": 30,
  "fields": {
    "user": 32,
    "code": "977027",
    "created": "2024-02-25T12:16:54.639Z",
    "used": true,
    "type": "LC"
  }
},
{
  "model": "accounts.otpcode",
  "pk": 32,
  "fields": {
    "user": 34,
    "code": "696277",
    "created": "2024-02-26T09:36:56.309Z",
    "used": true,
    "type": "LC"
  }
},
{
  "model": "accounts.otpcode",
  "pk": 33,
  "fields": {
    "user": 35,
    "code": "224807",
    "created": "2024-02-27T18:23:16.092Z",
    "used": true,
    "type": "LC"
  }
},
{
  "model": "accounts.otpcode",
  "pk": 34,
  "fields": {
    "user": 36,
    "code": "812195",
    "created": "2024-02-29T05:02:30.525Z",
    "used": true,
    "type": "LC"
  }
},
{
  "model": "accounts.otpcode",
  "pk": 35,
  "fields": {
    "user": 37,
    "code": "333569",
    "created": "2024-02-29T11:36:28.272Z",
    "used": true,
    "type": "LC"
  }
},
{
  "model": "accounts.otpcode",
  "pk": 36,
  "fields": {
    "user": 38,
    "code": "580302",
    "created": "2024-03-01T05:38:34.966Z",
    "used": true,
    "type": "LC"
  }
},
{
  "model": "accounts.otpcode",
  "pk": 37,
  "fields": {
    "user": 39,
    "code": "380015",
    "created": "2024-03-01T08:47:53.799Z",
    "used": true,
    "type": "LC"
  }
},
{
  "model": "accounts.otpcode",
  "pk": 38,
  "fields": {
    "user": 40,
    "code": "961000",
    "created": "2024-03-07T09:20:27.399Z",
    "used": true,
    "type": "LC"
  }
},
{
  "model": "admin.logentry",
  "pk": 4,
  "fields": {
    "action_time": "2024-02-22T17:04:19.052Z",
    "user": 5,
    "content_type": 4,
    "object_id": "4",
    "object_repr": "Happybee",
    "action_flag": 3,
    "change_message": ""
  }
},
{
  "model": "admin.logentry",
  "pk": 5,
  "fields": {
    "action_time": "2024-02-22T17:16:30.539Z",
    "user": 5,
    "content_type": 4,
    "object_id": "6",
    "object_repr": "Sugardev",
    "action_flag": 3,
    "change_message": ""
  }
},
{
  "model": "admin.logentry",
  "pk": 6,
  "fields": {
    "action_time": "2024-02-22T17:21:54.716Z",
    "user": 5,
    "content_type": 4,
    "object_id": "7",
    "object_repr": "Sugardev",
    "action_flag": 3,
    "change_message": ""
  }
},
{
  "model": "admin.logentry",
  "pk": 7,
  "fields": {
    "action_time": "2024-02-22T18:20:08.768Z",
    "user": 5,
    "content_type": 4,
    "object_id": "8",
    "object_repr": "Sugardev",
    "action_flag": 3,
    "change_message": ""
  }
},
{
  "model": "admin.logentry",
  "pk": 8,
  "fields": {
    "action_time": "2024-02-22T18:22:51.999Z",
    "user": 5,
    "content_type": 4,
    "object_id": "9",
    "object_repr": "Sugardev",
    "action_flag": 3,
    "change_message": ""
  }
},
{
  "model": "admin.logentry",
  "pk": 9,
  "fields": {
    "action_time": "2024-02-24T05:54:33.731Z",
    "user": 5,
    "content_type": 10,
    "object_id": "39",
    "object_repr": "Office object (39)",
    "action_flag": 3,
    "change_message": ""
  }
},
{
  "model": "admin.logentry",
  "pk": 10,
  "fields": {
    "action_time": "2024-02-24T06:47:21.646Z",
    "user": 5,
    "content_type": 10,
    "object_id": "38",
    "object_repr": "Project management office ppp",
    "action_flag": 2,
    "change_message": "[{\"changed\": {\"fields\": [\"Office name\"]}}]"
  }
},
{
  "model": "admin.logentry",
  "pk": 11,
  "fields": {
    "action_time": "2024-02-25T12:00:40.491Z",
    "user": 5,
    "content_type": 4,
    "object_id": "20",
    "object_repr": "Beedom",
    "action_flag": 3,
    "change_message": ""
  }
},
{
  "model": "admin.logentry",
  "pk": 12,
  "fields": {
    "action_time": "2024-02-25T12:00:40.504Z",
    "user": 5,
    "content_type": 4,
    "object_id": "28",
    "object_repr": "Kyriandude",
    "action_flag": 3,
    "change_message": ""
  }
},
{
  "model": "admin.logentry",
  "pk": 13,
  "fields": {
    "action_time": "2024-02-25T12:00:40.506Z",
    "user": 5,
    "content_type": 4,
    "object_id": "10",
    "object_repr": "Sugardev",
    "action_flag": 3,
    "change_message": ""
  }
},
{
  "model": "admin.logentry",
  "pk": 14,
  "fields": {
    "action_time": "2024-02-25T12:00:40.521Z",
    "user": 5,
    "content_type": 4,
    "object_id": "11",
    "object_repr": "hobby",
    "action_flag": 3,
    "change_message": ""
  }
},
{
  "model": "admin.logentry",
  "pk": 15,
  "fields": {
    "action_time": "2024-02-25T12:00:40.523Z",
    "user": 5,
    "content_type": 4,
    "object_id": "12",
    "object_repr": "hobbyking",
    "action_flag": 3,
    "change_message": ""
  }
},
{
  "model": "admin.logentry",
  "pk": 16,
  "fields": {
    "action_time": "2024-02-25T12:00:40.536Z",
    "user": 5,
    "content_type": 4,
    "object_id": "23",
    "object_repr": "test8494",
    "action_flag": 3,
    "change_message": ""
  }
},
{
  "model": "admin.logentry",
  "pk": 17,
  "fields": {
    "action_time": "2024-02-25T12:00:40.544Z",
    "user": 5,
    "content_type": 4,
    "object_id": "18",
    "object_repr": "test89",
    "action_flag": 3,
    "change_message": ""
  }
},
{
  "model": "admin.logentry",
  "pk": 18,
  "fields": {
    "action_time": "2024-02-25T12:00:40.552Z",
    "user": 5,
    "content_type": 4,
    "object_id": "25",
    "object_repr": "test9303",
    "action_flag": 3,
    "change_message": ""
  }
},
{
  "model": "admin.logentry",
  "pk": 19,
  "fields": {
    "action_time": "2024-02-25T12:00:40.556Z",
    "user": 5,
    "content_type": 4,
    "object_id": "24",
    "object_repr": "test9493",
    "action_flag": 3,
    "change_message": ""
  }
},
{
  "model": "admin.logentry",
  "pk": 20,
  "fields": {
    "action_time": "2024-02-25T12:00:40.568Z",
    "user": 5,
    "content_type": 4,
    "object_id": "17",
    "object_repr": "testfive",
    "action_flag": 3,
    "change_message": ""
  }
},
{
  "model": "admin.logentry",
  "pk": 21,
  "fields": {
    "action_time": "2024-02-25T12:00:40.574Z",
    "user": 5,
    "content_type": 4,
    "object_id": "16",
    "object_repr": "testfour",
    "action_flag": 3,
    "change_message": ""
  }
},
{
  "model": "admin.logentry",
  "pk": 22,
  "fields": {
    "action_time": "2024-02-25T12:00:40.588Z",
    "user": 5,
    "content_type": 4,
    "object_id": "27",
    "object_repr": "testhy54",
    "action_flag": 3,
    "change_message": ""
  }
},
{
  "model": "admin.logentry",
  "pk": 23,
  "fields": {
    "action_time": "2024-02-25T12:00:40.592Z",
    "user": 5,
    "content_type": 4,
    "object_id": "13",
    "object_repr": "testone",
    "action_flag": 3,
    "change_message": ""
  }
},
{
  "model": "admin.logentry",
  "pk": 24,
  "fields": {
    "action_time": "2024-02-25T12:00:40.600Z",
    "user": 5,
    "content_type": 4,
    "object_id": "19",
    "object_repr": "testsix",
    "action_flag": 3,
    "change_message": ""
  }
},
{
  "model": "admin.logentry",
  "pk": 25,
  "fields": {
    "action_time": "2024-02-25T12:00:40.607Z",
    "user": 5,
    "content_type": 4,
    "object_id": "22",
    "object_repr": "testsomething",
    "action_flag": 3,
    "change_message": ""
  }
},
{
  "model": "admin.logentry",
  "pk": 26,
  "fields": {
    "action_time": "2024-02-25T12:00:40.616Z",
    "user": 5,
    "content_type": 4,
    "object_id": "15",
    "object_repr": "testthree",
    "action_flag": 3,
    "change_message": ""
  }
},
{
  "model": "admin.logentry",
  "pk": 27,
  "fields": {
    "action_time": "2024-02-25T12:00:40.623Z",
    "user": 5,
    "content_type": 4,
    "object_id": "14",
    "object_repr": "testtwo",
    "action_flag": 3,
    "change_message": ""
  }
},
{
  "model": "admin.logentry",
  "pk": 28,
  "fields": {
    "action_time": "2024-02-25T12:00:40.631Z",
    "user": 5,
    "content_type": 4,
    "object_id": "26",
    "object_repr": "testui033",
    "action_flag": 3,
    "change_message": ""
  }
},
{
  "model": "admin.logentry",
  "pk": 29,
  "fields": {
    "action_time": "2024-02-25T12:00:40.640Z",
    "user": 5,
    "content_type": 4,
    "object_id": "21",
    "object_repr": "testuser8",
    "action_flag": 3,
    "change_message": ""
  }
},
{
  "model": "admin.logentry",
  "pk": 30,
  "fields": {
    "action_time": "2024-02-25T12:11:28.814Z",
    "user": 5,
    "content_type": 4,
    "object_id": "30",
    "object_repr": "Beedom",
    "action_flag": 3,
    "change_message": ""
  }
},
{
  "model": "admin.logentry",
  "pk": 31,
  "fields": {
    "action_time": "2024-02-25T12:11:28.823Z",
    "user": 5,
    "content_type": 4,
    "object_id": "29",
    "object_repr": "Kyrian",
    "action_flag": 3,
    "change_message": ""
  }
},
{
  "model": "admin.logentry",
  "pk": 32,
  "fields": {
    "action_time": "2024-02-25T12:16:20.202Z",
    "user": 5,
    "content_type": 4,
    "object_id": "31",
    "object_repr": "Beedom",
    "action_flag": 3,
    "change_message": ""
  }
},
{
  "model": "admin.logentry",
  "pk": 33,
  "fields": {
    "action_time": "2024-02-25T22:39:26.414Z",
    "user": 5,
    "content_type": 4,
    "object_id": "5",
    "object_repr": "codebee",
    "action_flag": 2,
    "change_message": "[{\"changed\": {\"fields\": [\"First name\", \"Last name\", \"Email address\"]}}]"
  }
},
{
  "model": "admin.logentry",
  "pk": 34,
  "fields": {
    "action_time": "2024-02-27T10:37:54.056Z",
    "user": 5,
    "content_type": 8,
    "object_id": "19",
    "object_repr": "Happybee",
    "action_flag": 2,
    "change_message": "[{\"changed\": {\"fields\": [\"ProfileImg\"]}}]"
  }
},
{
  "model": "admin.logentry",
  "pk": 35,
  "fields": {
    "action_time": "2024-02-27T11:07:38.926Z",
    "user": 5,
    "content_type": 8,
    "object_id": "17",
    "object_repr": "Beedom",
    "action_flag": 2,
    "change_message": "[{\"changed\": {\"fields\": [\"ProfileImg\"]}}]"
  }
},
{
  "model": "admin.logentry",
  "pk": 36,
  "fields": {
    "action_time": "2024-02-27T14:08:49.919Z",
    "user": 5,
    "content_type": 8,
    "object_id": "17",
    "object_repr": "Beedom",
    "action_flag": 2,
    "change_message": "[{\"changed\": {\"fields\": [\"Phone\"]}}]"
  }
},
{
  "model": "admin.logentry",
  "pk": 37,
  "fields": {
    "action_time": "2024-02-27T14:28:39.106Z",
    "user": 5,
    "content_type": 8,
    "object_id": "17",
    "object_repr": "Beedom",
    "action_flag": 2,
    "change_message": "[{\"changed\": {\"fields\": [\"About\"]}}]"
  }
},
{
  "model": "admin.logentry",
  "pk": 38,
  "fields": {
    "action_time": "2024-02-27T14:30:30.437Z",
    "user": 5,
    "content_type": 8,
    "object_id": "17",
    "object_repr": "Beedom",
    "action_flag": 2,
    "change_message": "[{\"changed\": {\"fields\": [\"About\"]}}]"
  }
},
{
  "model": "admin.logentry",
  "pk": 39,
  "fields": {
    "action_time": "2024-02-27T14:31:59.694Z",
    "user": 5,
    "content_type": 8,
    "object_id": "17",
    "object_repr": "Beedom",
    "action_flag": 2,
    "change_message": "[{\"changed\": {\"fields\": [\"About\"]}}]"
  }
},
{
  "model": "admin.logentry",
  "pk": 40,
  "fields": {
    "action_time": "2024-02-27T15:27:59.727Z",
    "user": 5,
    "content_type": 8,
    "object_id": "17",
    "object_repr": "Beedom",
    "action_flag": 2,
    "change_message": "[{\"changed\": {\"fields\": [\"About\"]}}]"
  }
},
{
  "model": "admin.logentry",
  "pk": 41,
  "fields": {
    "action_time": "2024-02-27T18:26:59.004Z",
    "user": 5,
    "content_type": 8,
    "object_id": "20",
    "object_repr": "Ann",
    "action_flag": 2,
    "change_message": "[{\"changed\": {\"fields\": [\"ProfileImg\"]}}]"
  }
},
{
  "model": "admin.logentry",
  "pk": 42,
  "fields": {
    "action_time": "2024-02-27T18:33:28.836Z",
    "user": 5,
    "content_type": 8,
    "object_id": "20",
    "object_repr": "Ann",
    "action_flag": 2,
    "change_message": "[{\"changed\": {\"fields\": [\"About\"]}}]"
  }
},
{
  "model": "admin.logentry",
  "pk": 43,
  "fields": {
    "action_time": "2024-02-29T04:54:33.039Z",
    "user": 5,
    "content_type": 8,
    "object_id": "20",
    "object_repr": "Ann",
    "action_flag": 2,
    "change_message": "[{\"changed\": {\"fields\": [\"Fullname\"]}}]"
  }
},
{
  "model": "admin.logentry",
  "pk": 44,
  "fields": {
    "action_time": "2024-02-29T04:55:27.878Z",
    "user": 5,
    "content_type": 8,
    "object_id": "19",
    "object_repr": "Happybee",
    "action_flag": 2,
    "change_message": "[{\"changed\": {\"fields\": [\"Fullname\"]}}]"
  }
},
{
  "model": "admin.logentry",
  "pk": 45,
  "fields": {
    "action_time": "2024-02-29T04:56:13.111Z",
    "user": 5,
    "content_type": 8,
    "object_id": "18",
    "object_repr": "Udochukwu",
    "action_flag": 2,
    "change_message": "[{\"changed\": {\"fields\": [\"Fullname\"]}}]"
  }
},
{
  "model": "admin.logentry",
  "pk": 46,
  "fields": {
    "action_time": "2024-02-29T04:57:34.711Z",
    "user": 5,
    "content_type": 8,
    "object_id": "17",
    "object_repr": "Beedom",
    "action_flag": 2,
    "change_message": "[{\"changed\": {\"fields\": [\"Fullname\"]}}]"
  }
},
{
  "model": "admin.logentry",
  "pk": 47,
  "fields": {
    "action_time": "2024-02-29T05:07:21.641Z",
    "user": 5,
    "content_type": 8,
    "object_id": "21",
    "object_repr": "Onyinye",
    "action_flag": 2,
    "change_message": "[{\"changed\": {\"fields\": [\"ProfileImg\"]}}]"
  }
},
{
  "model": "admin.logentry",
  "pk": 48,
  "fields": {
    "action_time": "2024-02-29T05:17:38.270Z",
    "user": 5,
    "content_type": 8,
    "object_id": "21",
    "object_repr": "Onyinye",
    "action_flag": 2,
    "change_message": "[{\"changed\": {\"fields\": [\"ProfileImg\"]}}]"
  }
},
{
  "model": "admin.logentry",
  "pk": 49,
  "fields": {
    "action_time": "2024-02-29T11:43:45.391Z",
    "user": 5,
    "content_type": 8,
    "object_id": "22",
    "object_repr": "Jasmine",
    "action_flag": 2,
    "change_message": "[{\"changed\": {\"fields\": [\"ProfileImg\"]}}]"
  }
},
{
  "model": "admin.logentry",
  "pk": 50,
  "fields": {
    "action_time": "2024-02-29T15:49:17.257Z",
    "user": 5,
    "content_type": 8,
    "object_id": "18",
    "object_repr": "Udochukwu",
    "action_flag": 2,
    "change_message": "[{\"changed\": {\"fields\": [\"ProfileImg\"]}}]"
  }
},
{
  "model": "admin.logentry",
  "pk": 51,
  "fields": {
    "action_time": "2024-03-03T21:32:57.843Z",
    "user": 5,
    "content_type": 12,
    "object_id": "1",
    "object_repr": "Thread object (1)",
    "action_flag": 1,
    "change_message": "[{\"added\": {}}]"
  }
},
{
  "model": "admin.logentry",
  "pk": 52,
  "fields": {
    "action_time": "2024-03-03T22:31:13.314Z",
    "user": 5,
    "content_type": 12,
    "object_id": "2",
    "object_repr": "Thread object (2)",
    "action_flag": 3,
    "change_message": ""
  }
},
{
  "model": "admin.logentry",
  "pk": 53,
  "fields": {
    "action_time": "2024-03-03T22:31:13.324Z",
    "user": 5,
    "content_type": 12,
    "object_id": "1",
    "object_repr": "Thread object (1)",
    "action_flag": 3,
    "change_message": ""
  }
},
{
  "model": "admin.logentry",
  "pk": 54,
  "fields": {
    "action_time": "2024-03-04T11:04:52.757Z",
    "user": 5,
    "content_type": 12,
    "object_id": "4",
    "object_repr": "Thread object (4)",
    "action_flag": 3,
    "change_message": ""
  }
},
{
  "model": "admin.logentry",
  "pk": 55,
  "fields": {
    "action_time": "2024-03-04T11:04:52.764Z",
    "user": 5,
    "content_type": 12,
    "object_id": "3",
    "object_repr": "Thread object (3)",
    "action_flag": 3,
    "change_message": ""
  }
},
{
  "model": "admin.logentry",
  "pk": 56,
  "fields": {
    "action_time": "2024-03-04T11:57:39.237Z",
    "user": 5,
    "content_type": 12,
    "object_id": "6",
    "object_repr": "Thread object (6)",
    "action_flag": 3,
    "change_message": ""
  }
},
{
  "model": "admin.logentry",
  "pk": 57,
  "fields": {
    "action_time": "2024-03-04T11:57:39.246Z",
    "user": 5,
    "content_type": 12,
    "object_id": "5",
    "object_repr": "Thread object (5)",
    "action_flag": 3,
    "change_message": ""
  }
},
{
  "model": "admin.logentry",
  "pk": 58,
  "fields": {
    "action_time": "2024-03-07T09:20:07.059Z",
    "user": 5,
    "content_type": 4,
    "object_id": "33",
    "object_repr": "Udochukwu",
    "action_flag": 3,
    "change_message": ""
  }
},
{
  "model": "admin.logentry",
  "pk": 59,
  "fields": {
    "action_time": "2024-03-07T11:35:10.148Z",
    "user": 5,
    "content_type": 8,
    "object_id": "22",
    "object_repr": "Jasmine",
    "action_flag": 2,
    "change_message": "[{\"changed\": {\"fields\": [\"ProfileImg\"]}}]"
  }
},
{
  "model": "admin.logentry",
  "pk": 60,
  "fields": {
    "action_time": "2024-03-07T11:37:52.365Z",
    "user": 5,
    "content_type": 8,
    "object_id": "21",
    "object_repr": "Onyinye",
    "action_flag": 2,
    "change_message": "[{\"changed\": {\"fields\": [\"ProfileImg\"]}}]"
  }
},
{
  "model": "admin.logentry",
  "pk": 61,
  "fields": {
    "action_time": "2024-03-07T11:38:46.286Z",
    "user": 5,
    "content_type": 8,
    "object_id": "17",
    "object_repr": "Beedom",
    "action_flag": 2,
    "change_message": "[{\"changed\": {\"fields\": [\"ProfileImg\"]}}]"
  }
},
{
  "model": "admin.logentry",
  "pk": 62,
  "fields": {
    "action_time": "2024-03-07T14:54:53.199Z",
    "user": 5,
    "content_type": 8,
    "object_id": "19",
    "object_repr": "Happybee",
    "action_flag": 2,
    "change_message": "[{\"changed\": {\"fields\": [\"ProfileImg\"]}}]"
  }
},
{
  "model": "admin.logentry",
  "pk": 63,
  "fields": {
    "action_time": "2024-03-07T14:55:20.220Z",
    "user": 5,
    "content_type": 8,
    "object_id": "23",
    "object_repr": "James",
    "action_flag": 2,
    "change_message": "[{\"changed\": {\"fields\": [\"ProfileImg\"]}}]"
  }
},
{
  "model": "admin.logentry",
  "pk": 64,
  "fields": {
    "action_time": "2024-03-07T15:00:59.429Z",
    "user": 5,
    "content_type": 8,
    "object_id": "20",
    "object_repr": "Ann",
    "action_flag": 2,
    "change_message": "[{\"changed\": {\"fields\": [\"ProfileImg\"]}}]"
  }
},
{
  "model": "admin.logentry",
  "pk": 65,
  "fields": {
    "action_time": "2024-03-07T15:08:10.560Z",
    "user": 5,
    "content_type": 12,
    "object_id": "14",
    "object_repr": "Thread object (14)",
    "action_flag": 3,
    "change_message": ""
  }
},
{
  "model": "admin.logentry",
  "pk": 66,
  "fields": {
    "action_time": "2024-03-08T13:55:30.720Z",
    "user": 5,
    "content_type": 8,
    "object_id": "25",
    "object_repr": "Udochukwu",
    "action_flag": 2,
    "change_message": "[{\"changed\": {\"fields\": [\"ProfileImg\"]}}]"
  }
},
{
  "model": "admin.logentry",
  "pk": 67,
  "fields": {
    "action_time": "2024-03-08T14:35:58.276Z",
    "user": 5,
    "content_type": 8,
    "object_id": "25",
    "object_repr": "Udochukwu",
    "action_flag": 2,
    "change_message": "[{\"changed\": {\"fields\": [\"ProfileImg\"]}}]"
  }
},
{
  "model": "admin.logentry",
  "pk": 68,
  "fields": {
    "action_time": "2024-03-08T14:37:42.155Z",
    "user": 5,
    "content_type": 8,
    "object_id": "24",
    "object_repr": "Devolee",
    "action_flag": 2,
    "change_message": "[]"
  }
},
{
  "model": "admin.logentry",
  "pk": 69,
  "fields": {
    "action_time": "2024-03-08T14:37:57.864Z",
    "user": 5,
    "content_type": 8,
    "object_id": "25",
    "object_repr": "Udochukwu",
    "action_flag": 2,
    "change_message": "[{\"changed\": {\"fields\": [\"ProfileImg\"]}}]"
  }
},
{
  "model": "admin.logentry",
  "pk": 70,
  "fields": {
    "action_time": "2024-03-08T19:26:08.372Z",
    "user": 5,
    "content_type": 8,
    "object_id": "25",
    "object_repr": "Udochukwu",
    "action_flag": 2,
    "change_message": "[{\"changed\": {\"fields\": [\"About\"]}}]"
  }
},
{
  "model": "admin.logentry",
  "pk": 71,
  "fields": {
    "action_time": "2024-03-10T15:31:51.312Z",
    "user": 5,
    "content_type": 12,
    "object_id": "21",
    "object_repr": "Thread object (21)",
    "action_flag": 3,
    "change_message": ""
  }
},
{
  "model": "admin.logentry",
  "pk": 72,
  "fields": {
    "action_time": "2024-03-10T15:32:42.550Z",
    "user": 5,
    "content_type": 12,
    "object_id": "18",
    "object_repr": "Thread object (18)",
    "action_flag": 3,
    "change_message": ""
  }
},
{
  "model": "admin.logentry",
  "pk": 73,
  "fields": {
    "action_time": "2024-03-10T15:34:42.617Z",
    "user": 5,
    "content_type": 12,
    "object_id": "22",
    "object_repr": "Thread object (22)",
    "action_flag": 3,
    "change_message": ""
  }
},
{
  "model": "admin.logentry",
  "pk": 74,
  "fields": {
    "action_time": "2024-03-10T15:37:04.822Z",
    "user": 5,
    "content_type": 12,
    "object_id": "23",
    "object_repr": "Thread object (23)",
    "action_flag": 3,
    "change_message": ""
  }
},
{
  "model": "admin.logentry",
  "pk": 75,
  "fields": {
    "action_time": "2024-03-19T14:32:41.926Z",
    "user": 5,
    "content_type": 12,
    "object_id": "27",
    "object_repr": "Thread object (27)",
    "action_flag": 3,
    "change_message": ""
  }
},
{
  "model": "admin.logentry",
  "pk": 76,
  "fields": {
    "action_time": "2024-03-19T14:33:11.557Z",
    "user": 5,
    "content_type": 12,
    "object_id": "25",
    "object_repr": "Thread object (25)",
    "action_flag": 3,
    "change_message": ""
  }
},
{
  "model": "admin.logentry",
  "pk": 77,
  "fields": {
    "action_time": "2024-03-19T14:33:19.770Z",
    "user": 5,
    "content_type": 12,
    "object_id": "20",
    "object_repr": "Thread object (20)",
    "action_flag": 3,
    "change_message": ""
  }
},
{
  "model": "admin.logentry",
  "pk": 78,
  "fields": {
    "action_time": "2024-03-19T14:33:24.610Z",
    "user": 5,
    "content_type": 12,
    "object_id": "19",
    "object_repr": "Thread object (19)",
    "action_flag": 3,
    "change_message": ""
  }
},
{
  "model": "auth.permission",
  "pk": 1,
  "fields": {
    "name": "Can add log entry",
    "content_type": 1,
    "codename": "add_logentry"
  }
},
{
  "model": "auth.permission",
  "pk": 2,
  "fields": {
    "name": "Can change log entry",
    "content_type": 1,
    "codename": "change_logentry"
  }
},
{
  "model": "auth.permission",
  "pk": 3,
  "fields": {
    "name": "Can delete log entry",
    "content_type": 1,
    "codename": "delete_logentry"
  }
},
{
  "model": "auth.permission",
  "pk": 4,
  "fields": {
    "name": "Can view log entry",
    "content_type": 1,
    "codename": "view_logentry"
  }
},
{
  "model": "auth.permission",
  "pk": 5,
  "fields": {
    "name": "Can add permission",
    "content_type": 2,
    "codename": "add_permission"
  }
},
{
  "model": "auth.permission",
  "pk": 6,
  "fields": {
    "name": "Can change permission",
    "content_type": 2,
    "codename": "change_permission"
  }
},
{
  "model": "auth.permission",
  "pk": 7,
  "fields": {
    "name": "Can delete permission",
    "content_type": 2,
    "codename": "delete_permission"
  }
},
{
  "model": "auth.permission",
  "pk": 8,
  "fields": {
    "name": "Can view permission",
    "content_type": 2,
    "codename": "view_permission"
  }
},
{
  "model": "auth.permission",
  "pk": 9,
  "fields": {
    "name": "Can add group",
    "content_type": 3,
    "codename": "add_group"
  }
},
{
  "model": "auth.permission",
  "pk": 10,
  "fields": {
    "name": "Can change group",
    "content_type": 3,
    "codename": "change_group"
  }
},
{
  "model": "auth.permission",
  "pk": 11,
  "fields": {
    "name": "Can delete group",
    "content_type": 3,
    "codename": "delete_group"
  }
},
{
  "model": "auth.permission",
  "pk": 12,
  "fields": {
    "name": "Can view group",
    "content_type": 3,
    "codename": "view_group"
  }
},
{
  "model": "auth.permission",
  "pk": 13,
  "fields": {
    "name": "Can add user",
    "content_type": 4,
    "codename": "add_user"
  }
},
{
  "model": "auth.permission",
  "pk": 14,
  "fields": {
    "name": "Can change user",
    "content_type": 4,
    "codename": "change_user"
  }
},
{
  "model": "auth.permission",
  "pk": 15,
  "fields": {
    "name": "Can delete user",
    "content_type": 4,
    "codename": "delete_user"
  }
},
{
  "model": "auth.permission",
  "pk": 16,
  "fields": {
    "name": "Can view user",
    "content_type": 4,
    "codename": "view_user"
  }
},
{
  "model": "auth.permission",
  "pk": 17,
  "fields": {
    "name": "Can add content type",
    "content_type": 5,
    "codename": "add_contenttype"
  }
},
{
  "model": "auth.permission",
  "pk": 18,
  "fields": {
    "name": "Can change content type",
    "content_type": 5,
    "codename": "change_contenttype"
  }
},
{
  "model": "auth.permission",
  "pk": 19,
  "fields": {
    "name": "Can delete content type",
    "content_type": 5,
    "codename": "delete_contenttype"
  }
},
{
  "model": "auth.permission",
  "pk": 20,
  "fields": {
    "name": "Can view content type",
    "content_type": 5,
    "codename": "view_contenttype"
  }
},
{
  "model": "auth.permission",
  "pk": 21,
  "fields": {
    "name": "Can add session",
    "content_type": 6,
    "codename": "add_session"
  }
},
{
  "model": "auth.permission",
  "pk": 22,
  "fields": {
    "name": "Can change session",
    "content_type": 6,
    "codename": "change_session"
  }
},
{
  "model": "auth.permission",
  "pk": 23,
  "fields": {
    "name": "Can delete session",
    "content_type": 6,
    "codename": "delete_session"
  }
},
{
  "model": "auth.permission",
  "pk": 24,
  "fields": {
    "name": "Can view session",
    "content_type": 6,
    "codename": "view_session"
  }
},
{
  "model": "auth.permission",
  "pk": 25,
  "fields": {
    "name": "Can add department",
    "content_type": 7,
    "codename": "add_department"
  }
},
{
  "model": "auth.permission",
  "pk": 26,
  "fields": {
    "name": "Can change department",
    "content_type": 7,
    "codename": "change_department"
  }
},
{
  "model": "auth.permission",
  "pk": 27,
  "fields": {
    "name": "Can delete department",
    "content_type": 7,
    "codename": "delete_department"
  }
},
{
  "model": "auth.permission",
  "pk": 28,
  "fields": {
    "name": "Can view department",
    "content_type": 7,
    "codename": "view_department"
  }
},
{
  "model": "auth.permission",
  "pk": 29,
  "fields": {
    "name": "Can add profile",
    "content_type": 8,
    "codename": "add_profile"
  }
},
{
  "model": "auth.permission",
  "pk": 30,
  "fields": {
    "name": "Can change profile",
    "content_type": 8,
    "codename": "change_profile"
  }
},
{
  "model": "auth.permission",
  "pk": 31,
  "fields": {
    "name": "Can delete profile",
    "content_type": 8,
    "codename": "delete_profile"
  }
},
{
  "model": "auth.permission",
  "pk": 32,
  "fields": {
    "name": "Can view profile",
    "content_type": 8,
    "codename": "view_profile"
  }
},
{
  "model": "auth.permission",
  "pk": 33,
  "fields": {
    "name": "Can add otpcode",
    "content_type": 9,
    "codename": "add_otpcode"
  }
},
{
  "model": "auth.permission",
  "pk": 34,
  "fields": {
    "name": "Can change otpcode",
    "content_type": 9,
    "codename": "change_otpcode"
  }
},
{
  "model": "auth.permission",
  "pk": 35,
  "fields": {
    "name": "Can delete otpcode",
    "content_type": 9,
    "codename": "delete_otpcode"
  }
},
{
  "model": "auth.permission",
  "pk": 36,
  "fields": {
    "name": "Can view otpcode",
    "content_type": 9,
    "codename": "view_otpcode"
  }
},
{
  "model": "auth.permission",
  "pk": 37,
  "fields": {
    "name": "Can add office",
    "content_type": 10,
    "codename": "add_office"
  }
},
{
  "model": "auth.permission",
  "pk": 38,
  "fields": {
    "name": "Can change office",
    "content_type": 10,
    "codename": "change_office"
  }
},
{
  "model": "auth.permission",
  "pk": 39,
  "fields": {
    "name": "Can delete office",
    "content_type": 10,
    "codename": "delete_office"
  }
},
{
  "model": "auth.permission",
  "pk": 40,
  "fields": {
    "name": "Can view office",
    "content_type": 10,
    "codename": "view_office"
  }
},
{
  "model": "auth.permission",
  "pk": 41,
  "fields": {
    "name": "Can add chat message",
    "content_type": 11,
    "codename": "add_chatmessage"
  }
},
{
  "model": "auth.permission",
  "pk": 42,
  "fields": {
    "name": "Can change chat message",
    "content_type": 11,
    "codename": "change_chatmessage"
  }
},
{
  "model": "auth.permission",
  "pk": 43,
  "fields": {
    "name": "Can delete chat message",
    "content_type": 11,
    "codename": "delete_chatmessage"
  }
},
{
  "model": "auth.permission",
  "pk": 44,
  "fields": {
    "name": "Can view chat message",
    "content_type": 11,
    "codename": "view_chatmessage"
  }
},
{
  "model": "auth.permission",
  "pk": 45,
  "fields": {
    "name": "Can add thread",
    "content_type": 12,
    "codename": "add_thread"
  }
},
{
  "model": "auth.permission",
  "pk": 46,
  "fields": {
    "name": "Can change thread",
    "content_type": 12,
    "codename": "change_thread"
  }
},
{
  "model": "auth.permission",
  "pk": 47,
  "fields": {
    "name": "Can delete thread",
    "content_type": 12,
    "codename": "delete_thread"
  }
},
{
  "model": "auth.permission",
  "pk": 48,
  "fields": {
    "name": "Can view thread",
    "content_type": 12,
    "codename": "view_thread"
  }
},
{
  "model": "auth.user",
  "pk": 5,
  "fields": {
    "password": "pbkdf2_sha256$720000$zpxh476rpH0Uceqm8VccS1$MI/KY2XyGHKwxCR4FEFuBBDop/xdy53+/YstOLyPxQ8=",
    "last_login": "2024-03-12T11:25:11.430Z",
    "is_superuser": true,
    "username": "codebee",
    "first_name": "Code",
    "last_name": "Bee",
    "email": "beescript@gmail.com",
    "is_staff": true,
    "is_active": true,
    "date_joined": "2024-02-22T17:03:38Z",
    "groups": [],
    "user_permissions": []
  }
},
{
  "model": "auth.user",
  "pk": 32,
  "fields": {
    "password": "pbkdf2_sha256$720000$TmhMgrswbvyIcd0TehPZWZ$v2tW35arIi922qCwFelQ4dkpwTkYMBxORv4fkp4wg24=",
    "last_login": "2024-03-18T11:53:02.968Z",
    "is_superuser": false,
    "username": "Beedom",
    "first_name": "Code",
    "last_name": "bee",
    "email": "codebee345@outlook.com",
    "is_staff": false,
    "is_active": true,
    "date_joined": "2024-02-25T12:16:54.053Z",
    "groups": [],
    "user_permissions": []
  }
},
{
  "model": "auth.user",
  "pk": 34,
  "fields": {
    "password": "pbkdf2_sha256$720000$jF40AICZsHqDD1Ij5yrvkI$PKOcPFzxKdCpjddzUDELOw6bgQmM5aie25ofed0UwvE=",
    "last_login": "2024-03-05T10:38:48.184Z",
    "is_superuser": false,
    "username": "Happybee",
    "first_name": "bee",
    "last_name": "Happy",
    "email": "udokyrian@outlook.com",
    "is_staff": false,
    "is_active": true,
    "date_joined": "2024-02-26T09:36:55.713Z",
    "groups": [],
    "user_permissions": []
  }
},
{
  "model": "auth.user",
  "pk": 35,
  "fields": {
    "password": "pbkdf2_sha256$720000$Om1MsD3sojXORv0cj3TN22$ywBlTqoO4Gg3xudOYhjDwLGh1feCwn6TMJbMhWf2ZR4=",
    "last_login": "2024-03-10T14:31:35.822Z",
    "is_superuser": false,
    "username": "Ann",
    "first_name": "Mary",
    "last_name": "Ann",
    "email": "ann@gmail.com",
    "is_staff": false,
    "is_active": true,
    "date_joined": "2024-02-27T18:23:15.498Z",
    "groups": [],
    "user_permissions": []
  }
},
{
  "model": "auth.user",
  "pk": 36,
  "fields": {
    "password": "pbkdf2_sha256$720000$raeKi7n7I9XWSG1mXGZIKD$OA7nie+TD5FQ7sL693jMp0apUhdnZPOmB6rca1Z7gEw=",
    "last_login": "2024-02-29T05:04:31.183Z",
    "is_superuser": false,
    "username": "Onyinye",
    "first_name": "Onuh",
    "last_name": "Onyinye",
    "email": "onuhonyinye@gmail.com",
    "is_staff": false,
    "is_active": true,
    "date_joined": "2024-02-29T05:02:29.924Z",
    "groups": [],
    "user_permissions": []
  }
},
{
  "model": "auth.user",
  "pk": 37,
  "fields": {
    "password": "pbkdf2_sha256$720000$VwA55hFpFLNEYL9XTzLObd$6rIND6nsKXYzrgXs22Syu+SxfPoF6sPjv8bZxPkEalo=",
    "last_login": "2024-03-02T09:07:47.664Z",
    "is_superuser": false,
    "username": "Jasmine",
    "first_name": "Jasmine",
    "last_name": "Becky",
    "email": "becky@gmaili.com",
    "is_staff": false,
    "is_active": true,
    "date_joined": "2024-02-29T11:36:27.982Z",
    "groups": [],
    "user_permissions": []
  }
},
{
  "model": "auth.user",
  "pk": 38,
  "fields": {
    "password": "pbkdf2_sha256$720000$asLUs2SYCFrFQytQtRz3FI$JL0KcKkFHqAlVsUm8lvC0kXbp5GeUupduEZ0wM6d85s=",
    "last_login": "2024-03-01T05:39:16.836Z",
    "is_superuser": false,
    "username": "James",
    "first_name": "James",
    "last_name": "Splinter",
    "email": "james@gmail.com",
    "is_staff": false,
    "is_active": true,
    "date_joined": "2024-03-01T05:38:34.710Z",
    "groups": [],
    "user_permissions": []
  }
},
{
  "model": "auth.user",
  "pk": 39,
  "fields": {
    "password": "pbkdf2_sha256$720000$zmdcLHaNqcxwDuYEGxviY0$TsJsfjpKTV2btLwDNj49yzvOlr519jCG2pI3o3HIrbA=",
    "last_login": "2024-03-12T11:32:01.094Z",
    "is_superuser": false,
    "username": "Devolee",
    "first_name": "Devo",
    "last_name": "Lee",
    "email": "lee@gmail.com",
    "is_staff": false,
    "is_active": true,
    "date_joined": "2024-03-01T08:47:53.353Z",
    "groups": [],
    "user_permissions": []
  }
},
{
  "model": "auth.user",
  "pk": 40,
  "fields": {
    "password": "pbkdf2_sha256$720000$uyLLRKuaKPhwR4Ovfhyxqs$EumMJKJ2IPAAWzS8v22APDmKSRa4S3KV79vkKT1szDU=",
    "last_login": "2024-03-14T18:56:32.810Z",
    "is_superuser": false,
    "username": "Bee",
    "first_name": "Drake",
    "last_name": "Jimmy",
    "email": "onuhudoudo@gmail.com",
    "is_staff": false,
    "is_active": true,
    "date_joined": "2024-03-07T09:20:27.092Z",
    "groups": [],
    "user_permissions": []
  }
},
{
  "model": "contenttypes.contenttype",
  "pk": 1,
  "fields": {
    "app_label": "admin",
    "model": "logentry"
  }
},
{
  "model": "contenttypes.contenttype",
  "pk": 2,
  "fields": {
    "app_label": "auth",
    "model": "permission"
  }
},
{
  "model": "contenttypes.contenttype",
  "pk": 3,
  "fields": {
    "app_label": "auth",
    "model": "group"
  }
},
{
  "model": "contenttypes.contenttype",
  "pk": 4,
  "fields": {
    "app_label": "auth",
    "model": "user"
  }
},
{
  "model": "contenttypes.contenttype",
  "pk": 5,
  "fields": {
    "app_label": "contenttypes",
    "model": "contenttype"
  }
},
{
  "model": "contenttypes.contenttype",
  "pk": 6,
  "fields": {
    "app_label": "sessions",
    "model": "session"
  }
},
{
  "model": "contenttypes.contenttype",
  "pk": 7,
  "fields": {
    "app_label": "accounts",
    "model": "department"
  }
},
{
  "model": "contenttypes.contenttype",
  "pk": 8,
  "fields": {
    "app_label": "accounts",
    "model": "profile"
  }
},
{
  "model": "contenttypes.contenttype",
  "pk": 9,
  "fields": {
    "app_label": "accounts",
    "model": "otpcode"
  }
},
{
  "model": "contenttypes.contenttype",
  "pk": 10,
  "fields": {
    "app_label": "accounts",
    "model": "office"
  }
},
{
  "model": "contenttypes.contenttype",
  "pk": 11,
  "fields": {
    "app_label": "chat",
    "model": "chatmessage"
  }
},
{
  "model": "contenttypes.contenttype",
  "pk": 12,
  "fields": {
    "app_label": "chat",
    "model": "thread"
  }
},
{
  "model": "sessions.session",
  "pk": "0fmta76xfnbt9v4c1nyxydlb41znkf22",
  "fields": {
    "session_data": ".eJxVi0sOwiAQQO_C2jTQzsDg0qTnIMOUpkSlicDKeHdt4kK37_NUgXvbQq_pEfKizgq0Ov3CyHJN5TAssvfS6nDIVFoWbnkvw3znfLt8s79347p9RssWEwE77VGsJoHJjWgWIookfvLgnAB5xGgRMI52wbSuznqj19Fo9XoDzN41OQ:1ri9wL:Veqr_IaXRL4wuRZaQukTvLm-myYdO6dAWfXWA2kn8YY",
    "expire_date": "2024-03-21T09:21:25.887Z"
  }
},
{
  "model": "sessions.session",
  "pk": "0w6r8z9dpi2mpmjl8hvc4yp7ftlaewb3",
  "fields": {
    "session_data": ".eJxVi80OwiAMgN-Fs1mKBdZ5NPE5ltKyQFSWCDsZ312XeNDr9_M0M289z1tLj7moORlEc_iFkeWa6m5YZN1qb8MuU-1FuJe1Dpc7l9v5m_29mVv-jBZp0QlBLEaKwY8OLeiRSEdCb8GHxXmxCkGC6jQRePAJKLA658JiXm_MBzVK:1reG23:g4r_yPTHtdvsPdN8pI56dTyuzKfX1qwOcLdYqPdVYyA",
    "expire_date": "2024-03-10T15:03:11.967Z"
  }
},
{
  "model": "sessions.session",
  "pk": "1p2knwd7vtj5oiwruc9c4s91bdivwemk",
  "fields": {
    "session_data": ".eJxVi0sOwiAQQO_C2jTQzsDg0qTnIMOUpkSlicDKeHdt4kK37_NUgXvbQq_pEfKizgq0Ov3CyHJN5TAssvfS6nDIVFoWbnkvw3znfLt8s79347p9RssWEwE77VGsJoHJjWgWIookfvLgnAB5xGgRMI52wbSuznqj19Fo9XoDzN41OQ:1rkqFk:MPgmke8MYWGXpzZOypD9LavB2dC2x6DI-Fo0iuPkwWk",
    "expire_date": "2024-03-28T18:56:32.820Z"
  }
},
{
  "model": "sessions.session",
  "pk": "4p2zatp5o6vamc6nbq1sexi0lhx7k2ec",
  "fields": {
    "session_data": ".eJxVi80KQiEQRt_FdVzsTurYMug5ZMYflMoLqavo3fNCi1p9cM53XsLR6NmNFp-uBHEWYMXhFzL5W6y7Ie-3UXtbdhlrL5562epyfVC5X763vzZTyzNkCB5XycoEixI5AapkJ2LJgBA0nxBYAkPSc5ReJRppk1ZHHdkk8f4A9wA2EA:1riFVY:yWR4-8zt4l1rJeJ5zuPj5ZrjOU0sNFNG77KToUAGuRo",
    "expire_date": "2024-03-21T15:18:08.290Z"
  }
},
{
  "model": "sessions.session",
  "pk": "72pd6dso9smwkdow4kras2gwli5i55tm",
  "fields": {
    "session_data": ".eJxVi8sKAiEUQP_FdQxex2fLYL5DrldFqRxIXUX_XgMtanseT-ZxjuJnTw9fIzuzVbLTLwxI19QOg0T7bKMvh0xtVMJR97Zsd6y3yzf7ewv28hktgs7KOMmdy5qCsDyR4SKDDKhAc3RKQl6FxKxIW-JW2yhyNFGuAMBeb-Q_NdI:1reXVW:W_l2iyNaS_NpAchcaMaRH81PDF0x9O53WMJlLppPQso",
    "expire_date": "2024-03-11T09:42:46.006Z"
  }
},
{
  "model": "sessions.session",
  "pk": "8jr24xm53gxfc837ggf7ofzqujq1agw6",
  "fields": {
    "session_data": ".eJxVi80KQiEQRt_FdVzsTurYMug5ZMYflMoLqavo3fNCi1p9cM53XsLR6NmNFp-uBHEWYMXhFzL5W6y7Ie-3UXtbdhlrL5562epyfVC5X763vzZTyzNkCB5XycoEixI5AapkJ2LJgBA0nxBYAkPSc5ReJRppk1ZHHdkk8f4A9wA2EA:1rhnnr:x0832wP44D2adjB8f0WiCvXsrEmmfKOR-w6aZkSjrag",
    "expire_date": "2024-03-20T09:43:11.985Z"
  }
},
{
  "model": "sessions.session",
  "pk": "b1o7rdv308jilwjexnwzj500vcofx856",
  "fields": {
    "session_data": ".eJxVjDEOwjAMAP-SGUV2m4aYkZ03RHac0AJqpaadEH9HkTrAene6t4m8b2Pca17jpOZiBnP6ZcLpmecm9MHzfbFpmbd1EtsSe9hqb4vm1_Vo_wYj17FtFbBD6QkRnQPGLiAUoFQoBH8OQJ5KThSGnp1T1B7BSwYS7TKJmM8XpOM23w:1rk0Fr:JSA2Rsfn2ivKNr-sfupt2NpS9JvFzq0hofAZl6bT2Ks",
    "expire_date": "2024-03-26T11:25:11.435Z"
  }
},
{
  "model": "sessions.session",
  "pk": "ce3fgew5qjsgktai2avx5bg624vxhxne",
  "fields": {
    "session_data": ".eJxVi80OwiAMgN-Fs1k2WVvm0cTnIKVlgagsETgZ312XeNDr9_M0nntLvtf48FnNyVgwh18YWK6x7IZFtl5aHXYZS8vCLW9luNw5387f7O9NXNNnRJ2VQCkQCY0EEqaI48qOo664WgAMluQYZmeVcBRceFGKCzqaYCLzegMN5jaH:1rjKD9:8eKRs42MFNUZDP1CQQsgKnoQ__mS-xjfkblf97avvpE",
    "expire_date": "2024-03-24T14:31:35.822Z"
  }
},
{
  "model": "sessions.session",
  "pk": "crr484oi1fu2ddzjd4ox04pxqvbbhkyf",
  "fields": {
    "session_data": ".eJxVjDEOwjAMAP-SGUV2m4aYkZ03RHac0AJqpaadEH9HkTrAene6t4m8b2Pca17jpOZiBnP6ZcLpmecm9MHzfbFpmbd1EtsSe9hqb4vm1_Vo_wYj17FtFbBD6QkRnQPGLiAUoFQoBH8OQJ5KThSGnp1T1B7BSwYS7TKJmM8XpOM23w:1rdCUS:FPG99u2fHKQXhfCGLK5EEaxiR6YS4cVhy4g79ADZM2o",
    "expire_date": "2024-03-07T17:04:08.523Z"
  }
},
{
  "model": "sessions.session",
  "pk": "j43u5awy0wuefy2zdykb08wexki7ycag",
  "fields": {
    "session_data": ".eJxVizkKAjEUQO-SWobsi6Uw5xh-fn5IUDNgkkq8uw5YaPuWJ9tgjrLNTo-tJnZmyrPTL4yAV2qHAcR9ttGXQ1IbFWHUvS3rHert8s3-3gK9fMYoyQQCiQ6D4aAyWUPc8CB8DOCVyxpN9E6LFJWGhNwbES2RA5ktOPZ6AwurNvo:1rfvc4:6gc3GmljS5kl-3-Edl_WImKKpNSv21SHNFyE7tJNJI4",
    "expire_date": "2024-03-15T05:39:16.840Z"
  }
},
{
  "model": "sessions.session",
  "pk": "j86kpmkpcob0fr7utknxus1nafon24mt",
  "fields": {
    "session_data": ".eJxVi80KQiEQRt_FdVzsTurYMug5ZMYflMoLqavo3fNCi1p9cM53XsLR6NmNFp-uBHEWYMXhFzL5W6y7Ie-3UXtbdhlrL5562epyfVC5X763vzZTyzNkCB5XycoEixI5AapkJ2LJgBA0nxBYAkPSc5ReJRppk1ZHHdkk8f4A9wA2EA:1rgQc3:TW9lerc2zKT8opg1i-E6DgY1bnc3W_-YDxaRvYXyYRk",
    "expire_date": "2024-03-16T14:45:19.615Z"
  }
},
{
  "model": "sessions.session",
  "pk": "kpp230iidnbct6z02klun2cpxo9fcjmb",
  "fields": {
    "session_data": ".eJxVjDEOwjAMAP-SGUV2m4aYkZ03RHac0AJqpaadEH9HkTrAene6t4m8b2Pca17jpOZiBnP6ZcLpmecm9MHzfbFpmbd1EtsSe9hqb4vm1_Vo_wYj17FtFbBD6QkRnQPGLiAUoFQoBH8OQJ5KThSGnp1T1B7BSwYS7TKJmM8XpOM23w:1rf29e:2x1EAssgG0e7kin2fRwyL4nEzXctjBqfaMhfBhCIvpg",
    "expire_date": "2024-03-12T18:26:14.969Z"
  }
},
{
  "model": "sessions.session",
  "pk": "l840vfoq5hk0ab4dacxympg6unn5o417",
  "fields": {
    "session_data": ".eJxVjDEOwjAMAP-SGUV2m4aYkZ03RHac0AJqpaadEH9HkTrAene6t4m8b2Pca17jpOZiBnP6ZcLpmecm9MHzfbFpmbd1EtsSe9hqb4vm1_Vo_wYj17FtFbBD6QkRnQPGLiAUoFQoBH8OQJ5KThSGnp1T1B7BSwYS7TKJmM8XpOM23w:1rf70Y:SgQV7VTP-SB1VhhWrh8jc1m8hZfmVz9Dp2NjGLQym3U",
    "expire_date": "2024-03-12T23:37:10.332Z"
  }
},
{
  "model": "sessions.session",
  "pk": "qid6lnfjujiefye1swyr95ilwwwgwl0f",
  "fields": {
    "session_data": ".eJxVi8sKAiEUQP_FdQzqXF8tg_kOuV4VpXIgdRX9ew20qO15PJnHOYqfPT18jezMVslOvzAgXVM7DBLts42-HDK1UQlH3duy3bHeLt_s7y3Yy2cEzh3JQCokYdRqooSAMYATGLN2zmQBkqw2HJTlREJbnhXobKwGjMheb_IjNjU:1reDTu:bRdjTbbWABAvcUWVyEsOZJvardO-vTL5bF4IBXSgcDw",
    "expire_date": "2024-03-10T12:19:46.726Z"
  }
},
{
  "model": "sessions.session",
  "pk": "r8m6baf1efinekgtxz3v8ussyib876jq",
  "fields": {
    "session_data": ".eJxVi8sKAiEUQP_FdQzqXF8tg_kOuV4VpXIgdRX9ew20qO15PJnHOYqfPT18jezMVslOvzAgXVM7DBLts42-HDK1UQlH3duy3bHeLt_s7y3Yy2cEzh3JQCokYdRqooSAMYATGLN2zmQBkqw2HJTlREJbnhXobKwGjMheb_IjNjU:1rmBY6:HpBdV9VMuvgVgKUgEeo_iGnFCFvrQikkUX1C2iiGyfk",
    "expire_date": "2024-04-01T11:53:02.973Z"
  }
},
{
  "model": "sessions.session",
  "pk": "zeth9nefskchmfd7zba2x71a5xfodabe",
  "fields": {
    "session_data": ".eJxVi80KQiEQRt_FdVzsTurYMug5ZMYflMoLqavo3fNCi1p9cM53XsLR6NmNFp-uBHEWYMXhFzL5W6y7Ie-3UXtbdhlrL5562epyfVC5X763vzZTyzNkCB5XycoEixI5AapkJ2LJgBA0nxBYAkPSc5ReJRppk1ZHHdkk8f4A9wA2EA:1rfyaJ:PREYCaBGZF4N2a_8X9DXuMK13Ta_9u4ItNXPso3k9N4",
    "expire_date": "2024-03-15T08:49:39.749Z"
  }
}
]
